N REQ,FORMATO,TEMPO
0,netcdf,4.121717929840088
1,netcdf,3.4762673377990723
2,netcdf,3.475848913192749
